INSERT INTO users (id,name, age) VALUES (1,"Maru", 45);
INSERT INTO users (id,name, age) VALUES (2,"John", 44);
INSERT INTO users (id,name, age) VALUES (3,"Alma", 43);
INSERT INTO users (id,name, age) VALUES (4, "Franny", 50);
INSERT INTO users (id,name, age) VALUES (5, "Beth", 77);
INSERT INTO users (id,name, age) VALUES (6,"Janice", 78);
INSERT INTO users (id,name, age) VALUES (7,"Mark", 90);
INSERT INTO users (id,name, age) VALUES (8,"Brian", 108);
INSERT INTO users (id,name, age) VALUES (9,"Luke", 18);
INSERT INTO users (id,name, age) VALUES (10,"Jimmy", 67);
INSERT INTO users (id,name, age) VALUES (11, "Bill", 45);
INSERT INTO users (id,name, age) VALUES (12, "Shawn", 44);
INSERT INTO users (id,name, age) VALUES (13, "Grace", 43);
INSERT INTO users (id,name, age) VALUES (14 ,"Danny", 50);
INSERT INTO users (id,name, age) VALUES (15, "Smithy", 77);
INSERT INTO users (id,name, age) VALUES (16, "Joon", 78);
INSERT INTO users (id,name, age) VALUES (17, "Gavin", 90);
INSERT INTO users (id,name, age) VALUES (18, "Stacey", 108);
INSERT INTO users (id,name, age) VALUES (19, "Luke", 68);
INSERT INTO users (id,name, age) VALUES (20, "Laura", 67);

INSERT INTO projects (id,title, category, start_date, end_date) VALUES (1,"Active Dreaming", "Fantasy", "June 19, 2015","August 6, 2017");
INSERT INTO projects (id,title, category, start_date, end_date) VALUES (2,"Active Coughing", "Fantasy", "June 19, 2015","August 6, 2017");
INSERT INTO projects (id,title, category, start_date, end_date) VALUES (3, "Active Barking", "Fantasy", "June 19, 2015","August 6, 2017");
INSERT INTO projects (id,title, category, start_date, end_date) VALUES (4, "Active Crying", "Fantasy", "June 19, 2015","August 6, 2017");
INSERT INTO projects (id,title, category, start_date, end_date) VALUES (5, "Active Hamming it Up", "Fantasy", "June 19, 2015","August 6, 2017");
INSERT INTO projects (id,title, category, start_date, end_date) VALUES (6, "Active Improv Academy", "Fantasy", "June 19, 2015","August 6, 2017");
INSERT INTO projects (id, title, category, start_date, end_date) VALUES (7, "Active Song Town", "Fantasy", "June 19, 2015","August 6, 2017");
INSERT INTO projects (id, title, category, start_date, end_date) VALUES (8, "Active Funy Fun Fun", "Fantasy", "June 19, 2015","August 6, 2017");
INSERT INTO projects (id, title, category, start_date, end_date) VALUES (9, "Active Tuesdays", "Fantasy", "June 19, 2015","August 6, 2017");
INSERT INTO projects (id, title, category, start_date, end_date) VALUES (10, "Active Homework", "Fantasy", "June 19, 2015","August 6, 2017");


INSERT INTO pledges (amount, project_id, user_id) VALUES (10000, 1,2);
INSERT INTO pledges (amount, project_id, user_id) VALUES (10000, 2,4);
INSERT INTO pledges (amount, project_id, user_id) VALUES (10000, 3,5);
INSERT INTO pledges (amount, project_id, user_id) VALUES (10000, 4,6);
INSERT INTO pledges (amount, project_id, user_id) VALUES (10000, 5,8);
INSERT INTO pledges (amount, project_id, user_id) VALUES (10000, 6,10);
INSERT INTO pledges (amount, project_id, user_id) VALUES (10000, 7,12);
INSERT INTO pledges (amount, project_id, user_id) VALUES (10000, 8,14);
INSERT INTO pledges (amount, project_id, user_id) VALUES (10000, 9,16);
INSERT INTO pledges (amount, project_id, user_id) VALUES (10000, 10,18);
INSERT INTO pledges (amount, project_id, user_id) VALUES (10000, 1,20);
INSERT INTO pledges (amount, project_id, user_id) VALUES (10000, 2,19);
INSERT INTO pledges (amount, project_id, user_id) VALUES (10000, 3,18);
INSERT INTO pledges (amount, project_id, user_id) VALUES (10000, 4,17);
INSERT INTO pledges (amount, project_id, user_id) VALUES (10000, 5,16);
INSERT INTO pledges (amount, project_id, user_id) VALUES (10000, 6,15);
INSERT INTO pledges (amount, project_id, user_id) VALUES (10000, 7,14);
INSERT INTO pledges (amount, project_id, user_id) VALUES (10000, 8,13);
INSERT INTO pledges (amount, project_id, user_id) VALUES (10000, 9,12);
INSERT INTO pledges (amount, project_id, user_id) VALUES (10000, 10,11);
INSERT INTO pledges (amount, project_id, user_id) VALUES (10000, 1,10);
INSERT INTO pledges (amount, project_id, user_id) VALUES (10000, 2,9);
INSERT INTO pledges (amount, project_id, user_id) VALUES (10000, 3,8);
INSERT INTO pledges (amount, project_id, user_id) VALUES (10000, 4,7);
INSERT INTO pledges (amount, project_id, user_id) VALUES (10000, 5,6);
INSERT INTO pledges (amount, project_id, user_id) VALUES (10000, 6,5);
INSERT INTO pledges (amount, project_id, user_id) VALUES (10000, 7,4);
INSERT INTO pledges (amount, project_id, user_id) VALUES (10000, 8,3);
INSERT INTO pledges (amount, project_id, user_id) VALUES (10000, 9,2);
INSERT INTO pledges (amount, project_id, user_id) VALUES (10000, 10,1);
